A 栏（书名）,B 栏（网盘链接）
專為初學者準備的日文課本：跟著王可樂，一次學好基礎日文 (王可樂) ,"通过网盘分享的文件：專為初學者準備的日文課本：跟著王可樂，一次學好基礎日文 (王可樂) .pdf
链接: https://pan.baidu.com/s/1ozE5cYSGYPw13Ejco0Q9TQ?pwd=n54i 提取码: n54i"
正しく書ける正しく使える小学全漢字1026 (学研プラス) ,"通过网盘分享的文件：正しく書ける正しく使える小学全漢字1026 (学研プラス) (zsk).pdf
链接: https://pan.baidu.com/s/1_4Uca8hiFALsq1ylMigT2A?pwd=998k 提取码: 998k"
新日语能力考试万词对策N5级1000+N4级1500 (ARC日本语学校) ,"通过网盘分享的文件：新日语能力考试万词对策N5级1000+N4级1500 (ARC日本语学校) .epub
链接: https://pan.baidu.com/s/1Mgjln0WtVOE35fA6hlYSqw?pwd=bgsr 提取码: bgsr"
新日本语能力考试N3文字词汇文法(练习+详解)红蓝宝书1000题 (许小明),"通过网盘分享的文件：新日本语能力考试N3文字词汇文法(练习+详解)红蓝宝书1000题 (许小明).pdf
链接: https://pan.baidu.com/s/1mHHGC6J0Drd8jZ3KhTsPow?pwd=mezq 提取码: mezq"
新版-クレヨンしんちゃんのまんが慣用句まるわかり辞典-クレヨンしんちゃんのなんでも百科シリーズ-_臼井儀人_-_,"通过网盘分享的文件：新版-クレヨンしんちゃんのまんが慣用句まるわかり辞典-クレヨンしんちゃんのなんでも百科シリーズ-_臼井儀人_-_.pdf
链接: https://pan.baidu.com/s/1uoE1c9DUaTsFnNIb0iyxHQ?pwd=7792 提取码: 7792"
"无敌绿宝书 新日语能力考试 N2语法 (李晓东,沈英莉)","通过网盘分享的文件：无敌绿宝书 新日语能力考试 N2语法 (李晓东,沈英莉).pdf
链接: https://pan.baidu.com/s/12h93LmvbvZsAqtCp9TnxbQ?pwd=3nr5 提取码: 3nr5"
王可樂日語中高級直達車 (王可樂日語) ,"通过网盘分享的文件：王可樂日語中高級直達車 (王可樂日語) .pdf
链接: https://pan.baidu.com/s/1xmNL8BzOv8XE7KFlOe4PzA?pwd=c5sp 提取码: c5sp"
王可樂日語初級直達車4 (王可樂日語) ,"通过网盘分享的文件：王可樂日語初級直達車4 (王可樂日語) .pdf
链接: https://pan.baidu.com/s/1qb-DTxi_00RVQy1Jd_lmtg?pwd=i2fu 提取码: i2fu"
王可樂的日語練功房 ：初級句型練習寶典 (王可樂日語) ,"通过网盘分享的文件：王可樂的日語練功房 ：初級句型練習寶典 (王可樂日語) .pdf
链接: https://pan.baidu.com/s/1uGbyc0BAkujPZKFtxfgAbQ?pwd=wndm 提取码: wndm"
王可樂的日文超圖解！抓出自學最容易搞混的100個核心觀念，將單字、助詞、文法分好類，超好背！-_王可樂日語_-_word2,"通过网盘分享的文件：王可樂的日文超圖解！抓出自學最容易搞混的100個核心觀念，將單字、助詞、文法分好類，超好背！-_王可樂日語_-_word2.doc
链接: https://pan.baidu.com/s/1XocjP64jThN8ibOqOzN8fg?pwd=38hb 提取码: 38hb"
完全掌握2级日本语能力考试语法问题对策 (（日）,"通过网盘分享的文件：完全掌握2级日本语能力考试语法问题对策 (（日）.pdf
链接: https://pan.baidu.com/s/1hcWT9v6FNFpL_axHpxP_-g?pwd=q2di 提取码: q2di"
完全掌握1级日本语能力考试语法问题对策 (（日）植木香等 著；林进卢丽 译),"通过网盘分享的文件：完全掌握1级日本语能力考试语法问题对策 (（日）植木香等 著；林进卢丽 译).pdf
链接: https://pan.baidu.com/s/1stoyKqYANa8TeMq9SmTzpA?pwd=86uv 提取码: 86uv"
三千輝日語：和日本人聊天，一定要會說的日語3000句 (仁平亘,"通过网盘分享的文件：三千輝日語：和日本人聊天，一定要會說的日語3000句 (仁平亘.pdf
链接: https://pan.baidu.com/s/1Zfw3F6Zb-GO859PvdcQizw?pwd=ct3h 提取码: ct3h"
日語力UP日語漢字急轉彎 (DT 日語企劃) ,"通过网盘分享的文件：日語力UP日語漢字急轉彎 (DT 日語企劃) .pdf
链接: https://pan.baidu.com/s/1uLbyEmvsUenA1Gwc3QTfdQ?pwd=jta9 提取码: jta9"
日語接續詞大全 (石黑圭 (石黒圭),"通过网盘分享的文件：日語接續詞大全 (石黑圭 (石黒圭)) .pdf
链接: https://pan.baidu.com/s/1pySFnTy422q_F97ktOPnlw?pwd=nhwr 提取码: nhwr"
日语语法越学越简单：基础日语入门语法 (（日）福田真理,"通过网盘分享的文件：日语语法越学越简单：基础日语入门语法 (（日）福田真理.pdf
链接: https://pan.baidu.com/s/1ZiT3g-7TNUbg23IGdxHHNA?pwd=vmfy 提取码: vmfy"
日语接续词副词辞典 (目黑真实) ,"通过网盘分享的文件：日语接续词副词辞典 (目黑真实) .pdf
链接: https://pan.baidu.com/s/1kCPXuDuYNPCdTbEBkKc9zg?pwd=7njq 提取码: 7njq"
"日本語総まとめ N1 文法. Nihongo So-matome N1 Grammar (佐々木 仁子, 松本 紀子, Hitoko Sasaki, Noriko Matsumoto)","通过网盘分享的文件：日本語総まとめ N1 文法. Nihongo So-matome N1 Grammar (佐々木 仁子, 松本 紀子, Hitoko Sasaki, Noriko Matsumoto).pdf
链接: https://pan.baidu.com/s/1O09EJZeW0FcEBUbbgxSejQ?pwd=grat 提取码: grat"
"日本語常用動詞活用辭典N1,N2,N3,N4,N5動詞辭典：從零基礎到考上N1，就靠這一本！ (吉松由美, 田中陽子) ","通过网盘分享的文件：日本語常用動詞活用辭典N1,N2,N3,N4,N5動詞辭典：從零基礎到考上N1，就靠這一本！ (吉松由美, 田中陽子) .pdf
链接: https://pan.baidu.com/s/1uS3cCs_77TgWKF980sqL5w?pwd=7iak 提取码: 7iak"
日本語GOGOGO 3 增訂版 (財團法人語言訓練測驗中心) ,"通过网盘分享的文件：日本語GOGOGO 3 增訂版 (財團法人語言訓練測驗中心) .pdf
链接: https://pan.baidu.com/s/1P3wycZeTl_RkPlYs650KIA?pwd=he8i 提取码: he8i"
林老師日語診所：33個文法必解痛點【有聲】 (林士鈞) ,"通过网盘分享的文件：林老師日語診所：33個文法必解痛點【有聲】 (林士鈞) .pdf
链接: https://pan.baidu.com/s/1Ha4gsCA4lq6-WA4MJ6c13w?pwd=8ae1 提取码: 8ae1"
蓝宝书 新日本语能力考试 N3文法考前对策 (许小明著) ,"通过网盘分享的文件：蓝宝书 新日本语能力考试 N3文法考前对策 (许小明著) .pdf
链接: https://pan.baidu.com/s/10P6tgXXMhFcqf_owQb5YcA?pwd=tdem 提取码: tdem"
红蓝宝书1000题·新日本语能力考试N2文字·词汇·文法（练习+详解） (许小明) ,"通过网盘分享的文件：红蓝宝书1000题·新日本语能力考试N2文字·词汇·文法（练习+详解） (许小明) .pdf
链接: https://pan.baidu.com/s/1ImrEyTqTR0LJqBtErzsziQ?pwd=f8eg 提取码: f8eg"
红蓝宝书1000题.新日本语能力考试N1文字.词汇.文法 (许小明),"通过网盘分享的文件：红蓝宝书1000题.新日本语能力考试N1文字.词汇.文法 (许小明).pdf
链接: https://pan.baidu.com/s/1wzcV5C-xrG717Y5GvhD1kw?pwd=9m5x 提取码: 9m5x"
红蓝宝书1000题 新日本语能力考试N5、N4文字、词汇、文法 (新世界图书事业部编著；许小明，Reika主编) ,"通过网盘分享的文件：红蓝宝书1000题 新日本语能力考试N5、N4文字、词汇、文法 (新世界图书事业部编著；许小明，Reika主编) .pdf
链接: https://pan.baidu.com/s/1tQBxtWTA2XNcHPgJPvWglA?pwd=ghng 提取码: ghng"
"红宝书·新日本与能力考试N5、N4文字词汇（详解+练习） (许小明, Reika) ","通过网盘分享的文件：红宝书·新日本与能力考试N5、N4文字词汇（详解+练习） (许小明, Reika) .pdf
链接: https://pan.baidu.com/s/1raKAsn6Xi_GqiNkWhzJ8ow?pwd=4eby 提取码: 4eby"
跟著時雨學日語（全新增修版）：輕鬆掌握N5～N3初階常用日文文法，培養語感、突破自學瓶頸、課外補充都適用！ (時雨) ,"通过网盘分享的文件：跟著時雨學日語（全新增修版）：輕鬆掌握N5～N3初階常用日文文法，培養語感、突破自學瓶頸、課外補充都適用！ (時雨) .pdf
链接: https://pan.baidu.com/s/1Mrp8IA2YuBd80kfaS2uqTw?pwd=i2d3 提取码: i2d3"
搞懂17個關鍵文法，日語大跳級！跟著王可樂，打通學習任督二脈 (王可樂) ,"通过网盘分享的文件：搞懂17個關鍵文法，日語大跳級！跟著王可樂，打通學習任督二脈 (王可樂) .pdf
链接: https://pan.baidu.com/s/1_w2_udPdxqNKGxcq7j5rGQ?pwd=5ycc 提取码: 5ycc"
大家一起學習日文吧！王可樂日語初級直達車3：想要打好基礎就靠這本！詳盡文法、大量練習題、豐富附錄、視聽影音隨時看 (王可樂日語) ,"通过网盘分享的文件：大家一起學習日文吧！王可樂日語初級直達車3：想要打好基礎就靠這本！詳盡文法、大量練習題、豐富附錄、視聽影音隨時看 (王可樂日語) .pdf
链接: https://pan.baidu.com/s/1iEF43UhK52-_QYfN1A8-VQ?pwd=jmtk 提取码: jmtk"
從零開始學日文【完全版】為零基礎自學者而設計的22堂課 井上老師,"通过网盘分享的文件：從零開始學日文【完全版】為零基礎自學者而設計的22堂課 井上老師.mp4
链接: https://pan.baidu.com/s/1t-cHK5tnmcuhceF1JEfsMQ?pwd=15ai 提取码: 15ai"
超值白金版.蓝宝书大全集：新日本语能力考试N1-N5文法详解（最新修订版） (许小明) ,"通过网盘分享的文件：超值白金版.蓝宝书大全集：新日本语能力考试N1-N5文法详解（最新修订版） (许小明) .pdf
链接: https://pan.baidu.com/s/1dN008JUOfQUCy_X02VYucg?pwd=7bbz 提取码: 7bbz"
"别笑我是日语语法书 (黄尧灿, 李英) ","通过网盘分享的文件：别笑我是日语语法书 (黄尧灿, 李英) .pdf
链接: https://pan.baidu.com/s/1ygFI1m8RsSaMHF6z5fbJNQ?pwd=ss5m 提取码: ss5m"
"ちいかわ四字熟語なんか使いたくなっちゃうやつ (ナガノ,阿雅佐) ","通过网盘分享的文件：ちいかわ四字熟語なんか使いたくなっちゃうやつ (ナガノ,阿雅佐) .pdf
链接: https://pan.baidu.com/s/1O9GI8iRy4pJmSZa1M8t4EQ?pwd=n53j 提取码: n53j"
"イメージでわかる日本語の助詞 (家田 章子,中村 かおり) ","通过网盘分享的文件：イメージでわかる日本語の助詞 (家田 章子,中村 かおり) .pdf
链接: https://pan.baidu.com/s/1pW0yo18xv63qtEsW6wuBRA?pwd=jak8 提取码: jak8"
N2读解 新日语能力考试考前对策 (（日）佐佐木仁子、松本纪子) ,"通过网盘分享的文件：N2读解 新日语能力考试考前对策 (（日）佐佐木仁子、松本纪子) .pdf
链接: https://pan.baidu.com/s/1-ym_AurYrym3AoSG6NwVPw?pwd=2mp2 提取码: 2mp2"
【PDFダウンロード特典付き】小学３年生から始める！こども語彙力１２００-考える力が育ち、頭がグングンよくなる-_齋藤-孝_,"通过网盘分享的文件：【PDFダウンロード特典付き】小学３年生から始める！こども語彙力１２００-考える力が育ち、頭がグングンよくなる-_齋藤-孝_.pdf
链接: https://pan.baidu.com/s/1Y2rVOgJeSDLJr3_BKvFORQ?pwd=n4pg 提取码: n4pg"